concurrency,elapsed_seconds,gpu_utilization_pct,memory_used_mib,memory_total_mib,power_draw_w,sm_clock_mhz,temperature_c
1,0.0414769621565938,80.0,22258.0,24564.0,221.11,2670.0,40.0
1,0.2658316879533231,50.0,22258.0,24564.0,211.84,2670.0,40.0
1,0.48901332588866353,50.0,22258.0,24564.0,211.84,2670.0,40.0
1,0.7198068578727543,50.0,22258.0,24564.0,208.27,2670.0,40.0
1,0.9623764590360224,50.0,22258.0,24564.0,208.27,2670.0,40.0
1,1.1858293758705258,62.0,22258.0,24564.0,202.38,2670.0,40.0
1,1.405944884289056,62.0,22258.0,24564.0,202.38,2670.0,40.0
1,1.6479923878796399,62.0,22258.0,24564.0,206.33,2670.0,40.0
1,1.8737340699881315,62.0,22258.0,24564.0,206.33,2670.0,40.0
1,2.0960537041537464,62.0,22258.0,24564.0,206.33,2670.0,40.0
1,2.3452149680815637,81.0,22258.0,24564.0,210.77,2670.0,41.0
1,2.5665366342291236,81.0,22258.0,24564.0,210.77,2670.0,41.0
1,2.791035709902644,81.0,22258.0,24564.0,216.34,2670.0,39.0
1,3.0217842580750585,81.0,22258.0,24564.0,216.34,2670.0,39.0
1,3.2613158500753343,61.0,22258.0,24564.0,212.1,2670.0,41.0
1,3.4856626512482762,61.0,22258.0,24564.0,212.1,2670.0,41.0
1,3.708224850241095,61.0,22258.0,24564.0,216.8,2670.0,41.0
1,3.938572668004781,61.0,22258.0,24564.0,216.8,2670.0,41.0
1,4.1623861701227725,89.0,22258.0,24564.0,235.04,2670.0,42.0
1,4.384416543878615,89.0,22262.0,24564.0,235.04,2670.0,42.0
1,4.606661619152874,89.0,22262.0,24564.0,235.04,2670.0,42.0
1,4.834181901067495,89.0,22262.0,24564.0,250.93,2670.0,41.0
1,5.056987766176462,89.0,22262.0,24564.0,250.93,2670.0,41.0
1,5.281557864975184,100.0,22262.0,24564.0,246.56,2670.0,42.0
1,5.505927259102464,100.0,22262.0,24564.0,246.56,2670.0,42.0
1,5.734685690142214,100.0,22262.0,24564.0,246.12,2670.0,42.0
1,5.958331399131566,100.0,22262.0,24564.0,246.12,2670.0,42.0
1,6.180735974106938,66.0,22262.0,24564.0,246.06,2670.0,42.0
1,6.404690098948777,66.0,22262.0,24564.0,246.06,2670.0,42.0
1,6.636949224863201,66.0,22262.0,24564.0,248.07,2670.0,42.0
1,6.859449457842857,66.0,22262.0,24564.0,248.07,2670.0,42.0
1,7.0828723181039095,66.0,22262.0,24564.0,248.07,2670.0,42.0
1,7.30695502506569,97.0,22262.0,24564.0,248.38,2670.0,42.0
1,7.527090440038592,97.0,22262.0,24564.0,248.38,2670.0,42.0
1,7.748644921928644,97.0,22262.0,24564.0,253.03,2670.0,42.0
1,7.971153741236776,97.0,22262.0,24564.0,253.03,2670.0,42.0
1,8.193217576947063,100.0,22262.0,24564.0,255.96,2670.0,42.0
1,8.413748051971197,100.0,22262.0,24564.0,255.96,2670.0,42.0
1,8.638452922925353,100.0,22262.0,24564.0,255.45,2670.0,43.0
1,8.86165458895266,100.0,22262.0,24564.0,255.45,2670.0,43.0
1,9.083899633958936,100.0,22262.0,24564.0,255.45,2670.0,43.0
1,9.304810141213238,80.0,22262.0,24564.0,258.35,2670.0,43.0
1,9.529314525891095,80.0,22262.0,24564.0,258.35,2670.0,43.0
1,9.753471842035651,80.0,22262.0,24564.0,253.41,2670.0,43.0
1,9.977482483256608,80.0,22262.0,24564.0,253.41,2670.0,43.0
1,10.20049341302365,100.0,22262.0,24564.0,250.8,2670.0,43.0
1,10.424083797261119,100.0,22262.0,24564.0,250.8,2670.0,43.0
1,10.64659079303965,100.0,22262.0,24564.0,252.08,2670.0,43.0
1,10.869189991150051,100.0,22262.0,24564.0,252.08,2670.0,43.0
1,11.091172834858298,100.0,22262.0,24564.0,252.08,2670.0,43.0
1,11.313672698102891,87.0,22262.0,24564.0,253.94,2670.0,43.0
1,11.535677914042026,87.0,22262.0,24564.0,253.94,2670.0,43.0
1,11.758767359890044,87.0,22262.0,24564.0,255.0,2670.0,43.0
1,11.982413860037923,87.0,22262.0,24564.0,255.0,2670.0,43.0
1,12.202654622960836,100.0,22262.0,24564.0,257.08,2670.0,43.0
1,12.424846828915179,100.0,22262.0,24564.0,257.08,2670.0,43.0
1,12.647974045947194,100.0,22262.0,24564.0,258.35,2670.0,43.0
1,12.869996233843267,100.0,22262.0,24564.0,258.35,2670.0,43.0
1,13.093819424975663,100.0,22262.0,24564.0,258.35,2670.0,43.0
1,13.313763150945306,95.0,22262.0,24564.0,259.39,2670.0,44.0
1,13.537181411869824,95.0,22262.0,24564.0,259.39,2670.0,44.0
1,13.759270375128835,95.0,22262.0,24564.0,256.38,2670.0,46.0
1,13.981746613048017,95.0,22262.0,24564.0,256.38,2670.0,46.0
1,14.20249230088666,100.0,22262.0,24564.0,260.32,2670.0,44.0
1,14.42641203198582,100.0,22262.0,24564.0,260.32,2670.0,44.0
1,14.648871960118413,100.0,22262.0,24564.0,257.8,2670.0,44.0
1,14.873066345229745,100.0,22262.0,24564.0,257.8,2670.0,44.0
1,15.09499465720728,100.0,22262.0,24564.0,257.8,2670.0,44.0
1,15.318557620048523,96.0,22262.0,24564.0,261.07,2670.0,44.0
1,15.54075512709096,96.0,22262.0,24564.0,261.07,2670.0,44.0
1,15.763340609148145,96.0,22262.0,24564.0,261.75,2670.0,43.0
1,15.9864353351295,96.0,22262.0,24564.0,261.75,2670.0,43.0
1,16.20736558921635,100.0,22262.0,24564.0,262.49,2670.0,44.0
1,16.428621151018888,100.0,22262.0,24564.0,262.49,2670.0,44.0
1,16.65050629200414,100.0,22262.0,24564.0,260.91,2670.0,44.0
1,16.87381938798353,100.0,22262.0,24564.0,260.91,2670.0,44.0
1,17.093894680030644,100.0,22262.0,24564.0,260.91,2670.0,44.0
1,17.31664378894493,95.0,22262.0,24564.0,256.38,2670.0,44.0
1,17.53870974900201,95.0,22262.0,24564.0,256.38,2670.0,44.0
1,17.76186896627769,95.0,22262.0,24564.0,257.97,2670.0,44.0
1,17.984854166861624,95.0,22262.0,24564.0,257.97,2670.0,44.0
1,18.20440860418603,100.0,22262.0,24564.0,259.39,2670.0,44.0
1,18.42734973318875,100.0,22262.0,24564.0,259.39,2670.0,44.0
1,18.650134218856692,100.0,22262.0,24564.0,253.87,2670.0,44.0
1,18.873142082244158,100.0,22262.0,24564.0,253.87,2670.0,44.0
1,19.092455318197608,100.0,22262.0,24564.0,253.87,2670.0,44.0
1,19.315252176020294,96.0,22262.0,24564.0,250.47,2670.0,45.0
1,19.539116092957556,96.0,22262.0,24564.0,250.47,2670.0,45.0
1,19.762633661273867,96.0,22262.0,24564.0,255.37,2670.0,44.0
1,19.983523117844015,96.0,22262.0,24564.0,255.37,2670.0,44.0
1,20.206158733926713,98.0,22262.0,24564.0,258.38,2670.0,44.0
1,20.429394895210862,98.0,22262.0,24564.0,258.38,2670.0,44.0
1,20.651054384186864,98.0,22262.0,24564.0,254.91,2670.0,45.0
1,20.87193994410336,98.0,22262.0,24564.0,254.91,2670.0,45.0
1,21.09360308898613,98.0,22262.0,24564.0,254.91,2670.0,45.0
1,21.31704027717933,100.0,22262.0,24564.0,254.84,2670.0,45.0
1,21.54024898726493,100.0,22262.0,24564.0,254.84,2670.0,45.0
1,21.75979479821399,100.0,22262.0,24564.0,259.3,2655.0,45.0
1,21.983056196011603,100.0,22262.0,24564.0,259.3,2655.0,45.0
1,22.20522791426629,78.0,22262.0,24564.0,260.21,2655.0,45.0
1,22.428619496058673,78.0,22262.0,24564.0,260.21,2655.0,45.0
1,22.649920423980802,78.0,22262.0,24564.0,257.5,2655.0,46.0
1,22.873237465973943,78.0,22262.0,24564.0,257.5,2655.0,46.0
1,23.09575461084023,78.0,22262.0,24564.0,257.5,2655.0,46.0
1,23.31902029691264,100.0,22262.0,24564.0,259.76,2655.0,45.0
1,23.54072342813015,100.0,22262.0,24564.0,259.76,2655.0,45.0
1,23.76074374699965,100.0,22262.0,24564.0,253.64,2655.0,45.0
1,23.98318455927074,100.0,22262.0,24564.0,253.64,2655.0,45.0
1,24.2049503470771,91.0,22262.0,24564.0,254.1,2655.0,45.0
1,24.427643712144345,91.0,22262.0,24564.0,254.1,2655.0,45.0
1,24.64727496309206,91.0,22262.0,24564.0,258.4,2655.0,46.0
1,24.869406566023827,91.0,22262.0,24564.0,258.4,2655.0,46.0
1,25.092510679271072,91.0,22262.0,24564.0,258.4,2655.0,46.0
1,25.31559970509261,100.0,22262.0,24564.0,260.25,2655.0,45.0
1,25.53769409796223,100.0,22262.0,24564.0,260.25,2655.0,45.0
1,25.756962780840695,100.0,22262.0,24564.0,253.78,2655.0,45.0
1,25.97993145091459,100.0,22262.0,24564.0,253.78,2655.0,45.0
1,26.203196877148002,81.0,22262.0,24564.0,253.76,2655.0,46.0
1,26.424350638873875,81.0,22262.0,24564.0,253.76,2655.0,46.0
1,26.645676302257925,81.0,22262.0,24564.0,258.36,2655.0,45.0
1,26.868284428026527,81.0,22262.0,24564.0,258.36,2655.0,45.0
2,0.01968648098409176,81.0,22262.0,24564.0,258.36,2655.0,45.0
2,0.24238569708541036,100.0,22262.0,24564.0,251.91,2655.0,44.0
2,0.464400390163064,100.0,22262.0,24564.0,251.91,2655.0,44.0
2,0.6837787381373346,100.0,22262.0,24564.0,251.91,2655.0,44.0
2,0.9061419041827321,100.0,22262.0,24564.0,231.32,2670.0,44.0
2,1.1280521429143846,100.0,22262.0,24564.0,231.32,2670.0,44.0
2,1.352065830025822,100.0,22262.0,24564.0,214.53,2670.0,44.0
2,1.5741647011600435,100.0,22262.0,24564.0,214.53,2670.0,44.0
2,1.7952337940223515,100.0,22262.0,24564.0,220.52,2670.0,44.0
2,2.0180386872962117,100.0,22262.0,24564.0,220.52,2670.0,44.0
2,2.239251038990915,100.0,22262.0,24564.0,223.59,2670.0,45.0
2,2.459642422851175,100.0,22262.0,24564.0,223.59,2670.0,45.0
2,2.6835300042293966,100.0,22262.0,24564.0,223.59,2670.0,45.0
2,2.906468567904085,100.0,22262.0,24564.0,224.54,2670.0,44.0
2,3.12761301221326,100.0,22262.0,24564.0,224.54,2670.0,44.0
2,3.349193273112178,61.0,22262.0,24564.0,219.92,2670.0,44.0
2,3.57201611995697,61.0,22262.0,24564.0,219.92,2670.0,44.0
2,3.794875966850668,61.0,22262.0,24564.0,216.09,2670.0,44.0
2,4.019133599940687,61.0,22262.0,24564.0,216.09,2670.0,44.0
2,4.243814305868,55.0,22262.0,24564.0,214.87,2670.0,44.0
2,4.4653968112543225,55.0,22262.0,24564.0,214.87,2670.0,44.0
2,4.690826939884573,55.0,22262.0,24564.0,214.87,2670.0,44.0
2,4.914780714083463,55.0,22262.0,24564.0,213.32,2670.0,44.0
2,5.1370621379464865,55.0,22262.0,24564.0,213.32,2670.0,44.0
2,5.360677558928728,71.0,22262.0,24564.0,208.49,2670.0,44.0
2,5.583166932221502,71.0,22262.0,24564.0,208.49,2670.0,44.0
2,5.806406199000776,71.0,22262.0,24564.0,215.26,2670.0,45.0
2,6.026748870965093,71.0,22262.0,24564.0,215.26,2670.0,45.0
2,6.249180776998401,100.0,22262.0,24564.0,221.76,2670.0,44.0
2,6.472257188055664,100.0,22262.0,24564.0,221.76,2670.0,44.0
2,6.6953219580464065,100.0,22262.0,24564.0,221.76,2670.0,44.0
2,6.916526966262609,100.0,22262.0,24564.0,226.7,2670.0,45.0
2,7.139640778303146,100.0,22262.0,24564.0,226.7,2670.0,45.0
2,7.362864024937153,100.0,22262.0,24564.0,223.46,2670.0,44.0
2,7.584981291089207,100.0,22262.0,24564.0,223.46,2670.0,44.0
2,7.807327204849571,100.0,22262.0,24564.0,218.75,2670.0,44.0
2,8.02876727329567,100.0,22262.0,24564.0,218.75,2670.0,44.0
2,8.248222294263542,100.0,22262.0,24564.0,220.28,2670.0,46.0
2,8.469792434945703,100.0,22262.0,24564.0,220.28,2670.0,46.0
2,8.693669315893203,100.0,22262.0,24564.0,220.28,2670.0,46.0
2,8.916043533012271,100.0,22262.0,24564.0,223.57,2670.0,44.0
2,9.13736612116918,100.0,22262.0,24564.0,223.57,2670.0,44.0
2,9.360093799885362,83.0,22262.0,24564.0,223.67,2670.0,44.0
2,9.58242252189666,83.0,22262.0,24564.0,223.67,2670.0,44.0
2,9.80131785525009,83.0,22262.0,24564.0,218.34,2670.0,44.0
2,10.024061234202236,83.0,22262.0,24564.0,218.34,2670.0,44.0
2,10.246943211182952,86.0,22262.0,24564.0,218.06,2670.0,45.0
2,10.468097894918174,86.0,22262.0,24564.0,218.06,2670.0,45.0
2,10.689137022010982,86.0,22262.0,24564.0,218.06,2670.0,45.0
2,10.911635963246226,86.0,22262.0,24564.0,222.5,2670.0,45.0
2,11.134769461117685,86.0,22262.0,24564.0,222.5,2670.0,45.0
2,11.354133972898126,96.0,22262.0,24564.0,223.94,2670.0,45.0
2,11.576791530940682,96.0,22262.0,24564.0,223.94,2670.0,45.0
2,11.799988619051874,96.0,22262.0,24564.0,221.92,2670.0,45.0
2,12.022223013918847,96.0,22262.0,24564.0,221.92,2670.0,45.0
2,12.241615819279104,100.0,22262.0,24564.0,224.15,2670.0,45.0
2,12.464193847030401,100.0,22262.0,24564.0,224.15,2670.0,45.0
2,12.686675776261836,100.0,22262.0,24564.0,224.15,2670.0,45.0
2,12.909491921309382,100.0,22262.0,24564.0,221.8,2670.0,45.0
2,13.131940797902644,100.0,22262.0,24564.0,221.8,2670.0,45.0
2,13.354620477184653,98.0,22262.0,24564.0,217.2,2670.0,45.0
2,13.57423440599814,98.0,22262.0,24564.0,217.2,2670.0,45.0
2,13.79593186499551,98.0,22262.0,24564.0,219.25,2670.0,45.0
2,14.01772728888318,98.0,22262.0,24564.0,219.25,2670.0,45.0
4,0.02041305135935545,98.0,22262.0,24564.0,219.25,2670.0,45.0
4,0.24349851999431849,95.0,22262.0,24564.0,222.78,2670.0,47.0
4,0.4662783173844218,95.0,22262.0,24564.0,222.78,2670.0,47.0
4,0.6889847163110971,95.0,22262.0,24564.0,225.38,2670.0,45.0
4,0.9108651392161846,95.0,22262.0,24564.0,225.38,2670.0,45.0
4,1.1312136533670127,100.0,22262.0,24564.0,224.92,2670.0,45.0
4,1.3533474300056696,100.0,22262.0,24564.0,224.92,2670.0,45.0
4,1.5768213663250208,100.0,22262.0,24564.0,231.26,2655.0,46.0
4,1.7969473931007087,100.0,22262.0,24564.0,231.26,2655.0,46.0
4,2.018648029305041,100.0,22262.0,24564.0,231.26,2655.0,46.0
4,2.2416813601739705,100.0,22262.0,24564.0,237.7,2655.0,45.0
4,2.46143681416288,100.0,22262.0,24564.0,237.7,2655.0,45.0
4,2.6824098182842135,100.0,22262.0,24564.0,237.24,2655.0,45.0
4,2.9043474472127855,100.0,22262.0,24564.0,237.24,2655.0,45.0
4,3.124798894394189,100.0,22262.0,24564.0,227.32,2655.0,45.0
4,3.347592566162348,100.0,22262.0,24564.0,227.32,2655.0,45.0
4,3.5698428112082183,100.0,22262.0,24564.0,227.32,2655.0,45.0
4,3.7905214931815863,100.0,22262.0,24564.0,224.2,2655.0,47.0
4,4.013505352195352,100.0,22262.0,24564.0,224.2,2655.0,47.0
4,4.234441226348281,100.0,22262.0,24564.0,220.48,2655.0,45.0
4,4.456497498322278,100.0,22262.0,24564.0,220.48,2655.0,45.0
4,4.678829746320844,100.0,22262.0,24564.0,213.58,2655.0,46.0
4,4.898870093282312,100.0,22262.0,24564.0,213.58,2655.0,46.0
4,5.121750368271023,71.0,22262.0,24564.0,216.3,2655.0,45.0
4,5.343851634301245,71.0,22262.0,24564.0,216.3,2655.0,45.0
4,5.565881886985153,71.0,22262.0,24564.0,216.3,2655.0,45.0
4,5.788479502312839,71.0,22262.0,24564.0,221.45,2655.0,45.0
4,6.008852232247591,71.0,22262.0,24564.0,221.45,2655.0,45.0
4,6.231367082335055,74.0,22262.0,24564.0,226.5,2655.0,46.0
4,6.452619068324566,74.0,22262.0,24564.0,226.5,2655.0,46.0
4,6.672128621023148,74.0,22262.0,24564.0,224.18,2655.0,45.0
4,6.89391907537356,74.0,22262.0,24564.0,224.18,2655.0,45.0
4,7.117828045971692,96.0,22262.0,24564.0,224.06,2655.0,46.0
4,7.339376938063651,96.0,22262.0,24564.0,224.06,2655.0,46.0
4,7.561378087382764,96.0,22262.0,24564.0,224.06,2655.0,46.0
4,7.782896962016821,96.0,22262.0,24564.0,224.21,2655.0,46.0
4,8.00449826195836,96.0,22262.0,24564.0,224.21,2655.0,46.0
8,0.02001989632844925,96.0,22262.0,24564.0,224.21,2655.0,46.0
8,0.2433309373445809,100.0,22262.0,24564.0,227.06,2655.0,46.0
8,0.46356119913980365,100.0,22262.0,24564.0,227.06,2655.0,46.0
8,0.6866801013238728,100.0,22262.0,24564.0,243.7,2655.0,46.0
8,0.9060015720315278,100.0,22262.0,24564.0,243.7,2655.0,46.0
8,1.1286671441048384,94.0,22262.0,24564.0,248.99,2655.0,46.0
8,1.3510069772601128,94.0,22262.0,24564.0,248.99,2655.0,46.0
8,1.5699709090404212,94.0,22262.0,24564.0,246.94,2655.0,46.0
8,1.792080260347575,94.0,22262.0,24564.0,246.94,2655.0,46.0
8,2.0131209902465343,94.0,22262.0,24564.0,246.94,2655.0,46.0
8,2.2364033181220293,94.0,22262.0,24564.0,248.28,2655.0,50.0
8,2.4565164111554623,94.0,22262.0,24564.0,248.28,2655.0,50.0
8,2.677313805092126,94.0,22262.0,24564.0,245.22,2655.0,46.0
8,2.8971860483288765,94.0,22262.0,24564.0,245.22,2655.0,46.0
8,3.118029859382659,73.0,22262.0,24564.0,235.81,2655.0,46.0
8,3.3388918354175985,73.0,22262.0,24564.0,235.81,2655.0,46.0
8,3.5610579922795296,73.0,22262.0,24564.0,235.81,2655.0,46.0
8,3.7845748090185225,73.0,22262.0,24564.0,235.96,2655.0,46.0
8,4.006862333975732,73.0,22262.0,24564.0,235.96,2655.0,46.0
8,4.227056930307299,100.0,22262.0,24564.0,234.57,2655.0,46.0
8,4.448667387012392,100.0,22262.0,24564.0,234.57,2655.0,46.0
8,4.670054425019771,100.0,22262.0,24564.0,233.07,2655.0,46.0
16,0.01948988391086459,100.0,22262.0,24564.0,233.07,2655.0,46.0
16,0.24104236159473658,100.0,22262.0,24564.0,233.07,2655.0,46.0
16,0.46329797664657235,94.0,22262.0,24564.0,245.63,2655.0,47.0
16,0.6864808378741145,94.0,22262.0,24564.0,245.63,2655.0,47.0
16,0.9088793005794287,94.0,22262.0,24564.0,277.01,2655.0,47.0
16,1.129491908941418,94.0,22262.0,24564.0,277.01,2655.0,47.0
16,1.352900292724371,100.0,22262.0,24564.0,291.26,2655.0,47.0
16,1.572546772658825,100.0,22262.0,24564.0,291.26,2655.0,47.0
16,1.795462884940207,100.0,22262.0,24564.0,291.26,2655.0,47.0
16,2.0155292907729745,100.0,22262.0,24564.0,273.96,2655.0,47.0
16,2.2375125256367028,100.0,22262.0,24564.0,273.96,2655.0,47.0
16,2.458882862702012,69.0,22262.0,24564.0,262.02,2655.0,47.0
16,2.680456690955907,69.0,22262.0,24564.0,262.02,2655.0,47.0
32,0.01918897870928049,69.0,22262.0,24564.0,264.04,2655.0,47.0
32,0.2388408686965704,69.0,22262.0,24564.0,264.04,2655.0,47.0
32,0.4632624890655279,95.0,22262.0,24564.0,297.24,2655.0,49.0
32,0.6832467918284237,95.0,22262.0,24564.0,297.24,2655.0,49.0
32,0.9039006279781461,95.0,22262.0,24564.0,297.24,2655.0,49.0
32,1.1262795538641512,95.0,22262.0,24564.0,329.83,2655.0,52.0
32,1.3459273558109999,95.0,22262.0,24564.0,329.83,2655.0,52.0
32,1.5696241790428758,96.0,22262.0,24564.0,326.05,2655.0,54.0
32,1.7917633061297238,96.0,22262.0,24564.0,326.05,2655.0,54.0
64,0.020700169261544943,96.0,22262.0,24564.0,326.05,2655.0,54.0
64,0.24116618325933814,96.0,22262.0,24564.0,311.78,2655.0,53.0
64,0.4612272991798818,96.0,22262.0,24564.0,311.78,2655.0,53.0
64,0.6853129412047565,97.0,22262.0,24564.0,367.59,2655.0,55.0
64,0.908663506153971,97.0,22262.0,24564.0,367.59,2655.0,55.0
64,1.1303740600124002,97.0,22262.0,24564.0,357.6,2655.0,53.0
64,1.3538626241497695,97.0,22262.0,24564.0,357.6,2655.0,53.0
